{
  "type": "minecraft:vegetation_patch",
  "config": {
    "surface": "floor",
    "depth": 1,
    "vertical_range": 3,
    "extra_bottom_block_chance": 0,
    "extra_edge_column_chance": 0.1,
    "vegetation_chance": 0.0025,
    "xz_radius": 2,
    "replaceable": "#dke:end_ground",
    "ground_state": {
      "type": "minecraft:simple_state_provider",
      "state": {
        "Name": "minecraft:sculk"
      }
    },
    "vegetation_feature": {
      "feature": {
        "type": "minecraft:simple_block",
        "config": {
          "to_place": {
            "type": "minecraft:weighted_state_provider",
            "entries": [
              {
                "weight": 7,
                "data": {
                  "Name": "minecraft:sculk_sensor",
                  "Properties": {
                    "waterlogged": "false",
                    "power": "0",
                    "sculk_sensor_phase": "inactive"
                  }
                }
              },
              {
                "weight": 3,
                "data": {
                  "Name": "minecraft:sculk_shrieker",
                  "Properties": {
                    "can_summon": "false",
                    "shrieking": "false",
                    "waterlogged": "false"
                  }
                }
              },
              {
                "weight": 1,
                "data": {
                  "Name": "minecraft:sculk_catalyst",
                  "Properties": {
                    "bloom": "false"
                  }
                }
              }
            ]
          }
        }
      },
      "placement": []
    }
  }
}
