{
    "display": {
      "icon": {
        "item": "minecraft:phantom_membrane"
      },
      "title": "Next Gen",
      "description": "Kill a Fledgeling Dragon",
      "frame": "task",
      "show_toast": true,
      "announce_to_chat": true,
      "hidden": false
    },
    "parent": "dke:root",
    "criteria": {
      "requirement": {
        "trigger": "minecraft:player_killed_entity",
        "conditions": {
          "entity": [
            {
              "condition": "minecraft:reference",
              "name": "dke:scores/edk_fledgeling"
            },
            {
              "condition": "minecraft:entity_properties",
              "entity": "this",
              "predicate": {
                "type": "minecraft:ender_dragon"
              }
            }
          ]
        }
      }
    }
  }
  