{
    "display": {
      "icon": {
        "item": "minecraft:end_crystal"
      },
      "title": "Getting Tougher",
      "description": "Kill a Powerful Dragon",
      "frame": "task",
      "show_toast": true,
      "announce_to_chat": true,
      "hidden": false
    },
    "parent": "dke:tasks/kill_fledgeling",
    "criteria": {
      "requirement": {
        "trigger": "minecraft:player_killed_entity",
        "conditions": {
          "entity": [
            {
              "condition": "minecraft:entity_scores",
              "entity": "this",
              "scores": {
                "dke.edk": {
                  "min": 5,
                  "max": 9
                }
              }
            },
            {
              "condition": "minecraft:entity_properties",
              "entity": "this",
              "predicate": {
                "type": "minecraft:ender_dragon"
              }
            }
          ]
        }
      }
    }
  }
  