{
    "condition": "minecraft:any_of",
    "terms": [
      {
        "condition": "minecraft:entity_scores",
        "entity": "this",
        "scores": {
          "dke.ability_1": 5
        }
      },
      {
        "condition": "minecraft:entity_scores",
        "entity": "this",
        "scores": {
          "dke.ability_2": 5
        }
      },
      {
        "condition": "minecraft:entity_scores",
        "entity": "this",
        "scores": {
          "dke.ability_3": 5
        }
      }
    ]
  }
  