{
  "criteria": {
    "requirement": {
      "trigger": "minecraft:entity_hurt_player",
      "conditions": {
        "player": [
          {
            "condition": "minecraft:reference",
            "name": "dke:items/full_dragonhide"
          }
        ],
        "damage": {
          "blocked": false,
          "source_entity": {
            "type": "minecraft:ender_dragon"
          }
        }
      }
    }
  },
  "rewards": {
    "function": "dke:advancements/hurt_by_dragon"
  }
}
