{
  "type": "minecraft:command",
  "pools": [
    {
      "rolls": {
        "min": 1,
        "max": 3
      },
      "entries": [
        {
          "type": "minecraft:item",
          "name": "minecraft:bone",
          "functions": [
            {
              "function": "minecraft:set_count",
              "count": {
                "min": 3,
                "max": 6
              },
              "add": true
            }
          ]
        },
        {
          "type": "minecraft:item",
          "name": "minecraft:ghast_tear"
        },
        {
          "type": "minecraft:item",
          "name": "minecraft:arrow",
          "functions": [
            {
              "function": "minecraft:set_count",
              "count": {
                "min": 8,
                "max": 20
              },
              "add": true
            }
          ]
        }
      ]
    }
  ],
  "functions": [
    {
      "function": "minecraft:set_count",
      "count": {
        "min": 1,
        "max": 3
      },
      "add": true,
      "conditions": [
        {
          "condition": "minecraft:entity_scores",
          "entity": "this",
          "scores": {
            "dke.difficulty": 1
          }
        }
      ]
    },
    {
      "function": "minecraft:set_count",
      "count": {
        "min": 2,
        "max": 6
      },
      "add": true,
      "conditions": [
        {
          "condition": "minecraft:entity_scores",
          "entity": "this",
          "scores": {
            "dke.difficulty": 2
          }
        }
      ]
    },
    {
      "function": "minecraft:set_count",
      "count": {
        "min": 4,
        "max": 9
      },
      "add": true,
      "conditions": [
        {
          "condition": "minecraft:entity_scores",
          "entity": "this",
          "scores": {
            "dke.difficulty": 3
          }
        }
      ]
    },
    {
      "function": "minecraft:set_count",
      "count": {
        "min": 6,
        "max": 14
      },
      "add": true,
      "conditions": [
        {
          "condition": "minecraft:entity_scores",
          "entity": "this",
          "scores": {
            "dke.difficulty": 4
          }
        }
      ]
    }
  ]
}
