{
  "type": "minecraft:command",
  "pools": [
    {
      "rolls": 1,
      "entries": [
        {
          "type": "minecraft:loot_table",
          "name": "dke:dragonslayer_sword",
          "conditions": [
            {
              "condition": "minecraft:inverted",
              "term": {
                "condition": "minecraft:entity_properties",
                "entity": "this",
                "predicate": {
                  "nbt": "{Inventory:[{tag:{dke.item:1b}}]}"
                }
              }
            }
          ]
        },
        {
          "type": "minecraft:loot_table",
          "name": "dke:dragonsinew_crossbow",
          "conditions": [
            {
              "condition": "minecraft:inverted",
              "term": {
                "condition": "minecraft:entity_properties",
                "entity": "this",
                "predicate": {
                  "nbt": "{Inventory:[{tag:{dke.item:2b}}]}"
                }
              }
            }
          ]
        },
        {
          "type": "minecraft:loot_table",
          "name": "dke:dragontooth_pickaxe",
          "conditions": [
            {
              "condition": "minecraft:inverted",
              "term": {
                "condition": "minecraft:entity_properties",
                "entity": "this",
                "predicate": {
                  "nbt": "{Inventory:[{tag:{dke.item:3b}}]}"
                }
              }
            }
          ]
        },
        {
          "type": "minecraft:loot_table",
          "name": "dke:dragonhide_curaiss",
          "conditions": [
            {
              "condition": "minecraft:inverted",
              "term": {
                "condition": "minecraft:entity_properties",
                "entity": "this",
                "predicate": {
                  "nbt": "{Inventory:[{id:\"minecraft:iron_chestplate\",tag:{dke.item:4b}}]}"
                }
              }
            }
          ]
        },
        {
          "type": "minecraft:loot_table",
          "name": "dke:dragonhide_greaves",
          "conditions": [
            {
              "condition": "minecraft:inverted",
              "term": {
                "condition": "minecraft:entity_properties",
                "entity": "this",
                "predicate": {
                  "nbt": "{Inventory:[{id:\"minecraft:iron_leggings\",tag:{dke.item:4b}}]}"
                }
              }
            }
          ]
        },
        {
          "type": "minecraft:loot_table",
          "name": "dke:dragonhide_helmet",
          "conditions": [
            {
              "condition": "minecraft:inverted",
              "term": {
                "condition": "minecraft:entity_properties",
                "entity": "this",
                "predicate": {
                  "nbt": "{Inventory:[{id:\"minecraft:iron_helmet\",tag:{dke.item:4b}}]}"
                }
              }
            }
          ]
        },
        {
          "type": "minecraft:loot_table",
          "name": "dke:dragonhide_sabatons",
          "conditions": [
            {
              "condition": "minecraft:inverted",
              "term": {
                "condition": "minecraft:entity_properties",
                "entity": "this",
                "predicate": {
                  "nbt": "{Inventory:[{id:\"minecraft:iron_boots\",tag:{dke.item:4b}}]}"
                }
              }
            }
          ]
        },
        {
          "type": "minecraft:loot_table",
          "name": "dke:dragonskull_shield",
          "conditions": [
            {
              "condition": "minecraft:inverted",
              "term": {
                "condition": "minecraft:entity_properties",
                "entity": "this",
                "predicate": {
                  "nbt": "{Inventory:[{tag:{dke.item:5b}}]}"
                }
              }
            }
          ]
        },
        {
          "type": "minecraft:loot_table",
          "name": "dke:dragonscale_wings",
          "conditions": [
            {
              "condition": "minecraft:inverted",
              "term": {
                "condition": "minecraft:entity_properties",
                "entity": "this",
                "predicate": {
                  "nbt": "{Inventory:[{tag:{dke.item:6b}}]}"
                }
              }
            }
          ]
        },
        {
          "type": "minecraft:loot_table",
          "name": "dke:draconic_scepter",
          "conditions": [
            {
              "condition": "minecraft:inverted",
              "term": {
                "condition": "minecraft:entity_properties",
                "entity": "this",
                "predicate": {
                  "nbt": "{Inventory:[{tag:{dke.item:7b}}]}"
                }
              }
            }
          ]
        }
      ]
    }
  ]
}
