{
  "pools": [
    {
      "rolls": 1,
      "entries": [
        {
          "type": "minecraft:item",
          "name": "minecraft:stone_sword",
          "functions": [
            {
              "function": "minecraft:set_nbt",
              "tag": "{dke.item:1b,HideFlags:1,CustomModelData:8603000}"
            },
            {
              "function": "minecraft:set_name",
              "name": {
                "text": "Dragonslayer Sword",
                "color": "dark_purple",
                "italic": false
              }
            },
            {
              "function": "minecraft:set_lore",
              "lore": [
                {
                  "text": "Wingspan V",
                  "color": "gray",
                  "italic": false
                },
                {
                  "text": "Dragonbane IV",
                  "color": "gray",
                  "italic": false
                },
                {
                  "text": "Looting III",
                  "color": "gray",
                  "italic": false
                },
                {
                  "text": "Curse of Deterioration",
                  "color": "red",
                  "italic": false
                }
              ]
            },
            {
              "function": "minecraft:set_attributes",
              "modifiers": [
                {
                  "attribute": "minecraft:generic.attack_damage",
                  "name": "",
                  "amount": 15,
                  "operation": "addition",
                  "id": "c7b9fb93-cae6-4ebb-91d5-c85cce53dc43",
                  "slot": "mainhand"
                },
                {
                  "attribute": "minecraft:generic.attack_speed",
                  "name": "",
                  "amount": 1.8,
                  "operation": "multiply_base",
                  "id": "fc198a34-4bf5-4d3e-86c3-497ef7ac4466",
                  "slot": "mainhand"
                }
              ]
            },
            {
              "function": "minecraft:set_enchantments",
              "enchantments": {
                "minecraft:infinity": 1,
                "minecraft:looting": 3
              }
            }
          ]
        }
      ]
    }
  ]
}
