{
  "pools": [
    {
      "rolls": 1,
      "entries": [
        {
          "type": "minecraft:item",
          "name": "minecraft:iron_boots",
          "functions": [
            {
              "function": "minecraft:set_nbt",
              "tag": "{dke.item:4b,HideFlags:65,CustomModelData:8603000,Trim:{material:\"minecraft:netherite\",pattern:\"minecraft:silence\"}}"
            },
            {
              "function": "minecraft:set_name",
              "name": {
                "text": "Dragonhide Sabatons",
                "color": "dark_purple",
                "italic": false
              }
            },
            {
              "function": "minecraft:set_lore",
              "lore": [
                {
                  "text": "Dragonyield I",
                  "color": "gray",
                  "italic": false
                },
                {
                  "text": "Dragonhearted II",
                  "color": "gray",
                  "italic": false
                },
                {
                  "text": "Feather Falling IV",
                  "color": "gray",
                  "italic": false
                },
                {
                  "text": "Curse of Deterioration",
                  "color": "red",
                  "italic": false
                }
              ]
            },
            {
              "function": "minecraft:set_attributes",
              "modifiers": [
                {
                  "attribute": "minecraft:generic.armor",
                  "name": "",
                  "amount": 2,
                  "operation": "addition",
                  "id": "07a481d4-b6d1-4a76-9606-9b73df93f9e8",
                  "slot": "feet"
                },
                {
                  "attribute": "minecraft:generic.max_health",
                  "name": "",
                  "amount": 4,
                  "operation": "addition",
                  "id": "47b6e1be-b77b-4f72-8502-03caaee48657",
                  "slot": "feet"
                }
              ]
            },
            {
              "function": "minecraft:set_enchantments",
              "enchantments": {
                "minecraft:infinity": 1,
                "minecraft:feather_falling": 4
              }
            }
          ]
        }
      ]
    }
  ]
}
