{
  "pools": [
    {
      "rolls": 1,
      "entries": [
        {
          "type": "minecraft:item",
          "name": "minecraft:diamond_pickaxe",
          "functions": [
            {
              "function": "minecraft:set_nbt",
              "tag": "{dke.item:3b,HideFlags:1,CustomModelData:8603000}"
            },
            {
              "function": "minecraft:set_name",
              "name": {
                "text": "Dragontooth Pickaxe",
                "color": "dark_purple",
                "italic": false
              }
            },
            {
              "function": "minecraft:set_lore",
              "lore": [
                {
                  "text": "Pillaring III",
                  "color": "gray",
                  "italic": false
                },
                {
                  "text": "Dragonbane II",
                  "color": "gray",
                  "italic": false
                },
                {
                  "text": "Fortune III",
                  "color": "gray",
                  "italic": false
                },
                {
                  "text": "Curse of Deterioration",
                  "color": "red",
                  "italic": false
                }
              ]
            },
            {
              "function": "minecraft:set_enchantments",
              "enchantments": {
                "minecraft:infinity": 1,
                "minecraft:fortune": 4
              }
            }
          ]
        }
      ]
    }
  ]
}
