{
  "type": "minecraft:command",
  "pools": [
    {
      "rolls": 1,
      "entries": [
        {
          "type": "minecraft:loot_table",
          "name": "dke:dragons/generic"
        }
      ]
    },
    {
      "rolls": 1,
      "entries": [
        {
          "type": "minecraft:loot_table",
          "name": "dke:dragons/zombie",
          "conditions": [
            {
              "condition": "minecraft:entity_scores",
              "entity": "this",
              "scores": {
                "dke.type": 1
              }
            }
          ]
        },
        {
          "type": "minecraft:loot_table",
          "name": "dke:dragons/warped",
          "conditions": [
            {
              "condition": "minecraft:entity_scores",
              "entity": "this",
              "scores": {
                "dke.type": 2
              }
            }
          ]
        },
        {
          "type": "minecraft:loot_table",
          "name": "dke:dragons/sculk",
          "conditions": [
            {
              "condition": "minecraft:entity_scores",
              "entity": "this",
              "scores": {
                "dke.type": 3
              }
            }
          ]
        },
        {
          "type": "minecraft:loot_table",
          "name": "dke:dragons/tyrant",
          "conditions": [
            {
              "condition": "minecraft:entity_scores",
              "entity": "this",
              "scores": {
                "dke.type": 4
              }
            }
          ]
        },
        {
          "type": "minecraft:loot_table",
          "name": "dke:dragons/nether",
          "conditions": [
            {
              "condition": "minecraft:entity_scores",
              "entity": "this",
              "scores": {
                "dke.type": 5
              }
            }
          ]
        },
        {
          "type": "minecraft:loot_table",
          "name": "dke:dragons/elder",
          "conditions": [
            {
              "condition": "minecraft:entity_scores",
              "entity": "this",
              "scores": {
                "dke.type": 6
              }
            }
          ]
        },
        {
          "type": "minecraft:loot_table",
          "name": "dke:dragons/wight",
          "conditions": [
            {
              "condition": "minecraft:entity_scores",
              "entity": "this",
              "scores": {
                "dke.type": 7
              }
            }
          ]
        }
      ]
    },
    {
      "rolls": 1,
      "entries": [
        {
          "type": "minecraft:loot_table",
          "name": "dke:custom_items"
        }
      ]
    }
  ]
}
