{
  "pools": [
    {
      "rolls": 1,
      "entries": [
        {
          "type": "minecraft:item",
          "name": "minecraft:iron_chestplate",
          "functions": [
            {
              "function": "minecraft:set_nbt",
              "tag": "{dke.item:4b,HideFlags:65,CustomModelData:8603000,Trim:{material:\"minecraft:netherite\",pattern:\"minecraft:silence\"}}"
            },
            {
              "function": "minecraft:set_name",
              "name": {
                "text": "Dragonhide Curaiss",
                "color": "dark_purple",
                "italic": false
              }
            },
            {
              "function": "minecraft:set_lore",
              "lore": [
                {
                  "text": "Dragonyield I",
                  "color": "gray",
                  "italic": false
                },
                {
                  "text": "Dragonhearted III",
                  "color": "gray",
                  "italic": false
                },
                {
                  "text": "Protection IV",
                  "color": "gray",
                  "italic": false
                },
                {
                  "text": "Curse of Deterioration",
                  "color": "red",
                  "italic": false
                }
              ]
            },
            {
              "function": "minecraft:set_attributes",
              "modifiers": [
                {
                  "attribute": "minecraft:generic.armor",
                  "name": "",
                  "amount": 10,
                  "operation": "addition",
                  "id": "ff753b36-6438-4e4d-9e27-6962558f4c03",
                  "slot": "chest"
                },
                {
                  "attribute": "minecraft:generic.max_health",
                  "name": "",
                  "amount": 6,
                  "operation": "addition",
                  "id": "f5978e99-87c4-4591-9532-be2c15bcbdac",
                  "slot": "chest"
                }
              ]
            },
            {
              "function": "minecraft:set_enchantments",
              "enchantments": {
                "minecraft:infinity": 1,
                "minecraft:protection": 4
              }
            }
          ]
        }
      ]
    }
  ]
}
