{
  "pools": [
    {
      "rolls": 1,
      "entries": [
        {
          "type": "minecraft:item",
          "name": "minecraft:iron_helmet",
          "functions": [
            {
              "function": "minecraft:set_nbt",
              "tag": "{dke.item:4b,HideFlags:65,CustomModelData:8603000,Trim:{material:\"minecraft:netherite\",pattern:\"minecraft:silence\"}}"
            },
            {
              "function": "minecraft:set_name",
              "name": {
                "text": "Dragonhide Cowl",
                "color": "dark_purple",
                "italic": false
              }
            },
            {
              "function": "minecraft:set_lore",
              "lore": [
                {
                  "text": "Dragonyield I",
                  "color": "gray",
                  "italic": false
                },
                {
                  "text": "Dragonhearted II",
                  "color": "gray",
                  "italic": false
                },
                {
                  "text": "Fire Protection IV",
                  "color": "gray",
                  "italic": false
                },
                {
                  "text": "Curse of Deterioration",
                  "color": "red",
                  "italic": false
                }
              ]
            },
            {
              "function": "minecraft:set_attributes",
              "modifiers": [
                {
                  "attribute": "minecraft:generic.armor",
                  "name": "",
                  "amount": 4,
                  "operation": "addition",
                  "id": "73151f7f-eb89-43ad-850c-867a6b8af7f1",
                  "slot": "head"
                },
                {
                  "attribute": "minecraft:generic.max_health",
                  "name": "",
                  "amount": 4,
                  "operation": "addition",
                  "id": "7dd3feec-3a2c-4a56-aea3-888ce30deb4b",
                  "slot": "head"
                }
              ]
            },
            {
              "function": "minecraft:set_enchantments",
              "enchantments": {
                "minecraft:infinity": 1,
                "minecraft:fire_protection": 4
              }
            }
          ]
        }
      ]
    }
  ]
}
