{
  "pools": [
    {
      "rolls": 1,
      "entries": [
        {
          "type": "minecraft:item",
          "name": "minecraft:elytra",
          "functions": [
            {
              "function": "minecraft:set_nbt",
              "tag": "{dke.item:6b,HideFlags:1,CustomModelData:8603000}"
            },
            {
              "function": "minecraft:set_name",
              "name": {
                "text": "Dragonscale Wings",
                "color": "dark_purple",
                "italic": false
              }
            },
            {
              "function": "minecraft:set_lore",
              "lore": [
                {
                  "text": "Altitude II",
                  "color": "gray",
                  "italic": false
                },
                {
                  "text": "Dragonhearted III",
                  "color": "gray",
                  "italic": false
                },
                {
                  "text": "Unbreaking V",
                  "color": "gray",
                  "italic": false
                },
                {
                  "text": "Curse of Deterioration",
                  "color": "red",
                  "italic": false
                }
              ]
            },
            {
              "function": "minecraft:set_attributes",
              "modifiers": [
                {
                  "attribute": "minecraft:generic.armor",
                  "name": "",
                  "amount": 5,
                  "operation": "addition",
                  "id": "d61846ae-6a07-4a02-a224-2ae0bb557450",
                  "slot": "chest"
                },
                {
                  "attribute": "minecraft:generic.max_health",
                  "name": "",
                  "amount": 6,
                  "operation": "addition",
                  "id": "0988be51-3309-4b79-ab99-1961418c5c99",
                  "slot": "chest"
                }
              ]
            },
            {
              "function": "minecraft:set_enchantments",
              "enchantments": {
                "minecraft:infinity": 1,
                "minecraft:unbreaking": 5
              }
            }
          ]
        }
      ]
    }
  ]
}
