{
  "pools": [
    {
      "rolls": 1,
      "entries": [
        {
          "type": "minecraft:item",
          "name": "minecraft:iron_leggings",
          "functions": [
            {
              "function": "minecraft:set_nbt",
              "tag": "{dke.item:4b,HideFlags:65,CustomModelData:8603000,Trim:{material:\"minecraft:netherite\",pattern:\"minecraft:silence\"}}"
            },
            {
              "function": "minecraft:set_name",
              "name": {
                "text": "Dragonhide Greaves",
                "color": "dark_purple",
                "italic": false
              }
            },
            {
              "function": "minecraft:set_lore",
              "lore": [
                {
                  "text": "Dragonyield I",
                  "color": "gray",
                  "italic": false
                },
                {
                  "text": "Dragonhearted III",
                  "color": "gray",
                  "italic": false
                },
                {
                  "text": "Projectile Protection IV",
                  "color": "gray",
                  "italic": false
                },
                {
                  "text": "Curse of Deterioration",
                  "color": "red",
                  "italic": false
                }
              ]
            },
            {
              "function": "minecraft:set_attributes",
              "modifiers": [
                {
                  "attribute": "minecraft:generic.armor",
                  "name": "",
                  "amount": 7,
                  "operation": "addition",
                  "id": "7240898a-1211-4561-8d36-d33d8ec033d2",
                  "slot": "legs"
                },
                {
                  "attribute": "minecraft:generic.max_health",
                  "name": "",
                  "amount": 6,
                  "operation": "addition",
                  "id": "d99512fb-18e4-4327-977e-2f304008ba8e",
                  "slot": "legs"
                }
              ]
            },
            {
              "function": "minecraft:set_enchantments",
              "enchantments": {
                "minecraft:infinity": 1,
                "minecraft:projectile_protection": 4
              }
            }
          ]
        }
      ]
    }
  ]
}
