{
	"credit": "Made with Blockbench",
	"texture_size": [64, 64],
	"textures": {
		"0": "dke:item/dragon_shield",
		"particle": "dke:item/dragon_shield"
	},
	"elements": [
		{
			"from": [4.5, 0.56299, 15.50687],
			"to": [7.5, 3.56299, 21.50687],
			"rotation": {"angle": -22.5, "axis": "x", "origin": [8, -0.50628, 10.12761]},
			"faces": {
				"north": {"uv": [7.75, 5.25, 7, 6], "rotation": 180, "texture": "#0"},
				"east": {"uv": [9.25, 5.25, 7.75, 6], "rotation": 90, "texture": "#0"},
				"south": {"uv": [10, 5.25, 9.25, 6], "texture": "#0"},
				"west": {"uv": [7, 5.25, 5.5, 6], "rotation": 270, "texture": "#0"},
				"up": {"uv": [7, 5.25, 7.75, 3.75], "rotation": 180, "texture": "#0"},
				"down": {"uv": [7.75, 3.75, 8.5, 5.25], "texture": "#0"}
			}
		},
		{
			"from": [5, 1.06299, 21.50687],
			"to": [7, 3.06299, 25.50687],
			"rotation": {"angle": -22.5, "axis": "x", "origin": [8, -0.50628, 10.12761]},
			"faces": {
				"north": {"uv": [1.5, 1, 1, 1.5], "rotation": 180, "texture": "#0"},
				"east": {"uv": [2.5, 1, 1.5, 1.5], "rotation": 90, "texture": "#0"},
				"south": {"uv": [3, 1, 2.5, 1.5], "texture": "#0"},
				"west": {"uv": [1, 1, 0, 1.5], "rotation": 270, "texture": "#0"},
				"up": {"uv": [1, 1, 1.5, 0], "rotation": 180, "texture": "#0"},
				"down": {"uv": [1.5, 0, 2, 1], "texture": "#0"}
			}
		},
		{
			"from": [8.5, 0.56299, 15.50687],
			"to": [11.5, 3.56299, 21.50687],
			"rotation": {"angle": -22.5, "axis": "x", "origin": [8, -0.50628, 10.12761]},
			"faces": {
				"north": {"uv": [7, 5.25, 7.75, 6], "rotation": 180, "texture": "#0"},
				"east": {"uv": [5.5, 5.25, 7, 6], "rotation": 270, "texture": "#0"},
				"south": {"uv": [9.25, 5.25, 10, 6], "texture": "#0"},
				"west": {"uv": [7.75, 5.25, 9.25, 6], "rotation": 90, "texture": "#0"},
				"up": {"uv": [7.75, 5.25, 7, 3.75], "rotation": 180, "texture": "#0"},
				"down": {"uv": [8.5, 3.75, 7.75, 5.25], "texture": "#0"}
			}
		},
		{
			"from": [9, 1.06299, 21.50687],
			"to": [11, 3.06299, 25.50687],
			"rotation": {"angle": -22.5, "axis": "x", "origin": [8, -0.50628, 10.12761]},
			"faces": {
				"north": {"uv": [1, 1, 1.5, 1.5], "rotation": 180, "texture": "#0"},
				"east": {"uv": [0, 1, 1, 1.5], "rotation": 270, "texture": "#0"},
				"south": {"uv": [2.5, 1, 3, 1.5], "texture": "#0"},
				"west": {"uv": [1.5, 1, 2.5, 1.5], "rotation": 90, "texture": "#0"},
				"up": {"uv": [1.5, 1, 1, 0], "rotation": 180, "texture": "#0"},
				"down": {"uv": [2, 0, 1.5, 1], "texture": "#0"}
			}
		},
		{
			"from": [5, 0, 6],
			"to": [11, 4.5, 16],
			"rotation": {"angle": 0, "axis": "x", "origin": [8, -0.50628, 10.12761]},
			"faces": {
				"north": {"uv": [2.5, 6.25, 4, 7.25], "texture": "#0"},
				"east": {"uv": [0, 6.25, 2.5, 7.25], "texture": "#0"},
				"south": {"uv": [6.5, 6.25, 8, 7.25], "texture": "#0"},
				"west": {"uv": [4, 6.25, 6.5, 7.25], "texture": "#0"},
				"up": {"uv": [4, 6.25, 2.5, 3.75], "texture": "#0"},
				"down": {"uv": [5.5, 3.75, 4, 6.25], "texture": "#0"}
			}
		},
		{
			"from": [4, 1.61589, 10.21359],
			"to": [6, 3.11589, 16.21359],
			"rotation": {"angle": -22.5, "axis": "x", "origin": [8, -0.50628, 10.12761]},
			"faces": {
				"north": {"uv": [8.5, 7.5, 8, 7.75], "texture": "#0"},
				"east": {"uv": [10, 7.5, 8.5, 7.75], "texture": "#0"},
				"south": {"uv": [10.5, 7.5, 10, 7.75], "texture": "#0"},
				"west": {"uv": [8, 7.5, 6.5, 7.75], "texture": "#0"},
				"up": {"uv": [8, 7.5, 8.5, 6], "texture": "#0"},
				"down": {"uv": [8.5, 6, 9, 7.5], "texture": "#0"}
			}
		},
		{
			"from": [4, 2, 14],
			"to": [6, 5, 15.5],
			"rotation": {"angle": 0, "axis": "x", "origin": [8, -0.50628, 10.12761]},
			"faces": {
				"north": {"uv": [0.75, 5, 0.25, 5.75], "texture": "#0"},
				"east": {"uv": [1, 5, 0.75, 5.75], "texture": "#0"},
				"south": {"uv": [1.5, 5, 1, 5.75], "texture": "#0"},
				"west": {"uv": [0.25, 5, 0, 5.75], "texture": "#0"},
				"up": {"uv": [0.25, 5, 0.75, 4.75], "texture": "#0"},
				"down": {"uv": [0.75, 4.75, 1.25, 5], "texture": "#0"}
			}
		},
		{
			"from": [4, 0.5, 9.5],
			"to": [6, 2, 15.5],
			"rotation": {"angle": 0, "axis": "x", "origin": [8, -0.50628, 10.12761]},
			"faces": {
				"north": {"uv": [2, 8.75, 1.5, 9], "texture": "#0"},
				"east": {"uv": [3.5, 8.75, 2, 9], "texture": "#0"},
				"south": {"uv": [4, 8.75, 3.5, 9], "texture": "#0"},
				"west": {"uv": [1.5, 8.75, 0, 9], "texture": "#0"},
				"up": {"uv": [1.5, 8.75, 2, 7.25], "texture": "#0"},
				"down": {"uv": [2, 7.25, 2.5, 8.75], "texture": "#0"}
			}
		},
		{
			"from": [10, 1.61589, 10.21359],
			"to": [12, 3.11589, 16.21359],
			"rotation": {"angle": -22.5, "axis": "x", "origin": [8, -0.50628, 10.12761]},
			"faces": {
				"north": {"uv": [8, 7.5, 8.5, 7.75], "texture": "#0"},
				"east": {"uv": [6.5, 7.5, 8, 7.75], "texture": "#0"},
				"south": {"uv": [10, 7.5, 10.5, 7.75], "texture": "#0"},
				"west": {"uv": [8.5, 7.5, 10, 7.75], "texture": "#0"},
				"up": {"uv": [8.5, 7.5, 8, 6], "texture": "#0"},
				"down": {"uv": [9, 6, 8.5, 7.5], "texture": "#0"}
			}
		},
		{
			"from": [10, 2, 14],
			"to": [12, 5, 15.5],
			"rotation": {"angle": 0, "axis": "x", "origin": [8, -0.50628, 10.12761]},
			"faces": {
				"north": {"uv": [0.25, 5, 0.75, 5.75], "texture": "#0"},
				"east": {"uv": [0, 5, 0.25, 5.75], "texture": "#0"},
				"south": {"uv": [1, 5, 1.5, 5.75], "texture": "#0"},
				"west": {"uv": [0.75, 5, 1, 5.75], "texture": "#0"},
				"up": {"uv": [0.75, 5, 0.25, 4.75], "texture": "#0"},
				"down": {"uv": [1.25, 4.75, 0.75, 5], "texture": "#0"}
			}
		},
		{
			"from": [10, 0.5, 9.5],
			"to": [12, 2, 15.5],
			"rotation": {"angle": 0, "axis": "x", "origin": [8, -0.50628, 10.12761]},
			"faces": {
				"north": {"uv": [1.5, 8.75, 2, 9], "texture": "#0"},
				"east": {"uv": [0, 8.75, 1.5, 9], "texture": "#0"},
				"south": {"uv": [3.5, 8.75, 4, 9], "texture": "#0"},
				"west": {"uv": [2, 8.75, 3.5, 9], "texture": "#0"},
				"up": {"uv": [2, 8.75, 1.5, 7.25], "texture": "#0"},
				"down": {"uv": [2.5, 7.25, 2, 8.75], "texture": "#0"}
			}
		},
		{
			"from": [6, 0, 0],
			"to": [10, 3, 6],
			"rotation": {"angle": 0, "axis": "x", "origin": [8, -0.50628, 10.12761]},
			"faces": {
				"north": {"uv": [6.25, 1.5, 7.25, 2.25], "texture": "#0"},
				"east": {"uv": [4.75, 1.5, 6.25, 2.25], "texture": "#0"},
				"south": {"uv": [8.75, 1.5, 9.75, 2.25], "texture": "#0"},
				"west": {"uv": [7.25, 1.5, 8.75, 2.25], "texture": "#0"},
				"up": {"uv": [7.25, 1.5, 6.25, 0], "texture": "#0"},
				"down": {"uv": [8.25, 0, 7.25, 1.5], "texture": "#0"}
			}
		},
		{
			"from": [6.5, 0, -2.5],
			"to": [9.5, 2, 0],
			"rotation": {"angle": 0, "axis": "x", "origin": [8, -0.50628, 10.12761]},
			"faces": {
				"north": {"uv": [0.5, 2, 1.25, 2.5], "texture": "#0"},
				"east": {"uv": [0, 2, 0.5, 2.5], "texture": "#0"},
				"south": {"uv": [1.75, 2, 2.5, 2.5], "texture": "#0"},
				"west": {"uv": [1.25, 2, 1.75, 2.5], "texture": "#0"},
				"up": {"uv": [1.25, 2, 0.5, 1.5], "texture": "#0"},
				"down": {"uv": [2, 1.5, 1.25, 2], "texture": "#0"}
			}
		},
		{
			"from": [6.5, -2, -2.5],
			"to": [9.5, 0, 10.5],
			"rotation": {"angle": 0, "axis": "x", "origin": [8, -0.50628, 10.12761]},
			"faces": {
				"north": {"uv": [3.25, 3.25, 4, 3.75], "texture": "#0"},
				"east": {"uv": [0, 3.25, 3.25, 3.75], "texture": "#0"},
				"south": {"uv": [7.25, 3.25, 8, 3.75], "texture": "#0"},
				"west": {"uv": [4, 3.25, 7.25, 3.75], "texture": "#0"},
				"up": {"uv": [4, 3.25, 3.25, 0], "texture": "#0"},
				"down": {"uv": [4.75, 0, 4, 3.25], "texture": "#0"}
			}
		}
	],
	"gui_light": "front",
	"overrides": [
		{"predicate": {"blocking": 1}, "model": "item/shield_blocking"},
		{"predicate": {"custom_model_data": 8603000}, "model": "dke:item/dragon_shield"},
		{"predicate": {"blocking": 1, "custom_model_data": 8603000}, "model": "dke:item/dragon_shield_blocking"}
	],
	"display": {
		"thirdperson_righthand": {
			"rotation": [-21, 0, -40],
			"translation": [5, 4.75, -1.5],
			"scale": [1.5, 1, 1]
		},
		"thirdperson_lefthand": {
			"rotation": [-21, 0, -40],
			"translation": [5, 4.75, -1.5],
			"scale": [1.5, 1, 1]
		},
		"firstperson_righthand": {
			"rotation": [-90, 0, -55],
			"translation": [2.5, 0, 0.75],
			"scale": [1, 0.75, 0.75]
		},
		"firstperson_lefthand": {
			"rotation": [-90, 0, -55],
			"translation": [2.5, 0, 0.75],
			"scale": [1, 0.75, 0.75]
		},
		"ground": {
			"rotation": [-60, 0, 0],
			"translation": [0, 8.75, -6.75],
			"scale": [1, 0.75, 0.75]
		},
		"gui": {
			"rotation": [-108, 17, 158],
			"translation": [-1.25, 0, 0],
			"scale": [0.66, 0.5, 0.5]
		},
		"fixed": {
			"rotation": [-90, 0, 0],
			"translation": [0, -0.75, -5.75],
			"scale": [1, 0.75, 0.75]
		}
	},
	"groups": [
		{
			"name": "shield",
			"origin": [8, 8, 8],
			"color": 0,
			"nbt": "{}",
			"children": [
				{
					"name": "horn_left",
					"origin": [11, 4.5, 15.5],
					"color": 0,
					"nbt": "{}",
					"children": [0, 1]
				},
				{
					"name": "horn_right",
					"origin": [11, 4.5, 15.5],
					"color": 0,
					"nbt": "{}",
					"children": [2, 3]
				},
				{
					"name": "skull",
					"origin": [8, 8, 8],
					"color": 0,
					"nbt": "{}",
					"children": [4, 5, 6, 7, 8, 9, 10, 11, 12, 13]
				}
			]
		}
	]
}