{
	"credit": "Made with Blockbench",
	"texture_size": [32, 32],
	"textures": {
		"2": "dke:item/dragon_sword",
		"particle": "dke:item/dragon_sword"
	},
	"elements": [
		{
			"from": [6.5, 0, 6.5],
			"to": [9.5, 3, 9.5],
			"rotation": {"angle": 0, "axis": "y", "origin": [8, 1.5, 8]},
			"faces": {
				"north": {"uv": [7, 9, 8.5, 10.5], "texture": "#2"},
				"east": {"uv": [5.5, 9, 7, 10.5], "texture": "#2"},
				"south": {"uv": [10, 9, 11.5, 10.5], "texture": "#2"},
				"west": {"uv": [8.5, 9, 10, 10.5], "texture": "#2"},
				"up": {"uv": [8.5, 9, 7, 7.5], "texture": "#2"},
				"down": {"uv": [10, 7.5, 8.5, 9], "texture": "#2"}
			}
		},
		{
			"from": [7, 3, 7],
			"to": [9, 7, 9],
			"faces": {
				"north": {"uv": [1, 11.5, 2, 13.5], "texture": "#2"},
				"east": {"uv": [0, 11.5, 1, 13.5], "texture": "#2"},
				"south": {"uv": [3, 11.5, 4, 13.5], "texture": "#2"},
				"west": {"uv": [2, 11.5, 3, 13.5], "texture": "#2"},
				"up": {"uv": [2, 11.5, 1, 10.5], "texture": "#2"},
				"down": {"uv": [3, 10.5, 2, 11.5], "texture": "#2"}
			}
		},
		{
			"from": [4, 7, 6.5],
			"to": [12, 9, 9.5],
			"rotation": {"angle": 0, "axis": "y", "origin": [0, -2, 0]},
			"faces": {
				"north": {"uv": [1.5, 1.5, 5.5, 2.5], "texture": "#2"},
				"east": {"uv": [0, 1.5, 1.5, 2.5], "texture": "#2"},
				"south": {"uv": [7, 1.5, 11, 2.5], "texture": "#2"},
				"west": {"uv": [5.5, 1.5, 7, 2.5], "texture": "#2"},
				"up": {"uv": [5.5, 1.5, 1.5, 0], "texture": "#2"},
				"down": {"uv": [9.5, 0, 5.5, 1.5], "texture": "#2"}
			}
		},
		{
			"from": [9, 4.5, 8],
			"to": [15.5, 10.5, 8],
			"rotation": {"angle": 0, "axis": "y", "origin": [0, -2, 0]},
			"faces": {
				"north": {"uv": [7, 2.5, 10, 5.5], "texture": "#2"},
				"east": {"uv": [7, 2.5, 7, 5.5], "texture": "#2"},
				"south": {"uv": [10, 2.5, 13, 5.5], "texture": "#2"},
				"west": {"uv": [10, 2.5, 10, 5.5], "texture": "#2"},
				"up": {"uv": [10, 2.5, 7, 2.5], "texture": "#2"},
				"down": {"uv": [13, 2.5, 10, 2.5], "texture": "#2"}
			}
		},
		{
			"from": [12, 7, 7],
			"to": [17, 9, 9],
			"rotation": {"angle": 45, "axis": "z", "origin": [12, 7, 8]},
			"faces": {
				"north": {"uv": [8, 6.5, 10.5, 7.5], "texture": "#2"},
				"east": {"uv": [7, 6.5, 8, 7.5], "texture": "#2"},
				"south": {"uv": [11.5, 6.5, 14, 7.5], "texture": "#2"},
				"west": {"uv": [10.5, 6.5, 11.5, 7.5], "texture": "#2"},
				"up": {"uv": [10.5, 6.5, 8, 5.5], "texture": "#2"},
				"down": {"uv": [13, 5.5, 10.5, 6.5], "texture": "#2"}
			}
		},
		{
			"from": [-1, 7, 7],
			"to": [4, 9, 9],
			"rotation": {"angle": -45, "axis": "z", "origin": [4, 7, 8]},
			"faces": {
				"north": {"uv": [10.5, 6.5, 8, 7.5], "texture": "#2"},
				"east": {"uv": [11.5, 6.5, 10.5, 7.5], "texture": "#2"},
				"south": {"uv": [14, 6.5, 11.5, 7.5], "texture": "#2"},
				"west": {"uv": [8, 6.5, 7, 7.5], "texture": "#2"},
				"up": {"uv": [8, 6.5, 10.5, 5.5], "texture": "#2"},
				"down": {"uv": [10.5, 5.5, 13, 6.5], "texture": "#2"}
			}
		},
		{
			"from": [0.5, 4.5, 8],
			"to": [7, 10.5, 8],
			"rotation": {"angle": 0, "axis": "y", "origin": [16, -2, 0]},
			"faces": {
				"north": {"uv": [10, 2.5, 7, 5.5], "texture": "#2"},
				"east": {"uv": [10, 2.5, 10, 5.5], "texture": "#2"},
				"south": {"uv": [13, 2.5, 10, 5.5], "texture": "#2"},
				"west": {"uv": [7, 2.5, 7, 5.5], "texture": "#2"},
				"up": {"uv": [7, 2.5, 10, 2.5], "texture": "#2"},
				"down": {"uv": [10, 2.5, 13, 2.5], "texture": "#2"}
			}
		},
		{
			"from": [6.5, 7.5, 7],
			"to": [9.5, 10.5, 9],
			"rotation": {"angle": -45, "axis": "z", "origin": [8, 9, 8]},
			"faces": {
				"north": {"uv": [1, 9, 2.5, 10.5], "texture": "#2"},
				"east": {"uv": [0, 9, 1, 10.5], "texture": "#2"},
				"south": {"uv": [3.5, 9, 5, 10.5], "texture": "#2"},
				"west": {"uv": [2.5, 9, 3.5, 10.5], "texture": "#2"},
				"up": {"uv": [2.5, 9, 1, 8], "texture": "#2"},
				"down": {"uv": [4, 8, 2.5, 9], "texture": "#2"}
			}
		},
		{
			"from": [5, 9, 7.5],
			"to": [11, 19, 8.5],
			"rotation": {"angle": 0, "axis": "y", "origin": [0, -2, 0]},
			"faces": {
				"north": {"uv": [0.5, 3, 3.5, 8], "texture": "#2"},
				"east": {"uv": [0, 3, 0.5, 8], "texture": "#2"},
				"south": {"uv": [4, 3, 7, 8], "texture": "#2"},
				"west": {"uv": [3.5, 3, 4, 8], "texture": "#2"},
				"up": {"uv": [3.5, 3, 0.5, 2.5], "texture": "#2"},
				"down": {"uv": [6.5, 2.5, 3.5, 3], "texture": "#2"}
			}
		},
		{
			"from": [5.5, 19, 7.5],
			"to": [10.5, 20.5, 8.5],
			"rotation": {"angle": 0, "axis": "y", "origin": [0, -2, 0]},
			"faces": {
				"north": {"uv": [10, 0.5, 12.5, 1], "texture": "#2"},
				"east": {"uv": [9.5, 0.5, 10, 1], "texture": "#2"},
				"south": {"uv": [13, 0.5, 15.5, 1], "texture": "#2"},
				"west": {"uv": [12.5, 0.5, 13, 1], "texture": "#2"},
				"up": {"uv": [12.5, 0.5, 10, 0], "texture": "#2"},
				"down": {"uv": [15, 0, 12.5, 0.5], "texture": "#2"}
			}
		},
		{
			"from": [7, 20.5, 7.5],
			"to": [9, 22, 8.5],
			"rotation": {"angle": 0, "axis": "y", "origin": [0, -2, 0]},
			"faces": {
				"north": {"uv": [4.5, 8.5, 5.5, 9], "texture": "#2"},
				"east": {"uv": [4, 8.5, 4.5, 9], "texture": "#2"},
				"south": {"uv": [6, 8.5, 7, 9], "texture": "#2"},
				"west": {"uv": [5.5, 8.5, 6, 9], "texture": "#2"},
				"up": {"uv": [5.5, 8.5, 4.5, 8], "texture": "#2"},
				"down": {"uv": [6.5, 8, 5.5, 8.5], "texture": "#2"}
			}
		}
	],
	"display": {
		"thirdperson_righthand": {
			"rotation": [0, 90, 0],
			"translation": [0, 3.25, 0]
		},
		"thirdperson_lefthand": {
			"rotation": [0, 90, 0],
			"translation": [0, 3.25, 0]
		},
		"firstperson_righthand": {
			"rotation": [0, 90, 0]
		},
		"firstperson_lefthand": {
			"rotation": [12, 90, 0]
		},
		"ground": {
			"rotation": [30, 0, 30],
			"translation": [0, 4, 0]
		},
		"gui": {
			"rotation": [-29.75, -24, -45],
			"translation": [-1.5, -1.5, 0],
			"scale": [0.8, 0.8, 0.8]
		},
		"fixed": {
			"rotation": [0, 0, 45],
			"translation": [2, -2, 0]
		}
	},
	"groups": [
		{
			"name": "hilt",
			"origin": [8, 8, 8],
			"color": 0,
			"nbt": "{}",
			"children": [0, 1, 2, 3, 4, 5, 6, 7]
		},
		{
			"name": "blade",
			"origin": [8, 8, 8],
			"color": 0,
			"nbt": "{}",
			"children": [8, 9, 10]
		}
	]
}