[
  {
    "function": "minecraft:set_damage",
    "damage": -0.0007,
    "add": true,
    "conditions": [
      {
        "condition": "minecraft:any_of",
        "terms": [
          {
            "condition": "minecraft:inverted",
            "term": {
              "condition": "minecraft:match_tool",
              "predicate": {
                "enchantments": [
                  {
                    "enchantment": "minecraft:unbreaking"
                  }
                ]
              }
            }
          },
          {
            "condition": "minecraft:all_of",
            "terms": [
              {
                "condition": "minecraft:match_tool",
                "predicate": {
                  "enchantments": [
                    {
                      "enchantment": "minecraft:unbreaking",
                      "levels": 1
                    }
                  ]
                }
              },
              {
                "condition": "minecraft:random_chance",
                "chance": 0.5
              }
            ]
          },
          {
            "condition": "minecraft:all_of",
            "terms": [
              {
                "condition": "minecraft:match_tool",
                "predicate": {
                  "enchantments": [
                    {
                      "enchantment": "minecraft:unbreaking",
                      "levels": 2
                    }
                  ]
                }
              },
              {
                "condition": "minecraft:random_chance",
                "chance": 0.44
              }
            ]
          },
          {
            "condition": "minecraft:all_of",
            "terms": [
              {
                "condition": "minecraft:match_tool",
                "predicate": {
                  "enchantments": [
                    {
                      "enchantment": "minecraft:unbreaking",
                      "levels": 3
                    }
                  ]
                }
              },
              {
                "condition": "minecraft:random_chance",
                "chance": 0.25
              }
            ]
          }
        ]
      }
    ]
  }
]
