{
    "display": {
      "icon": {
        "item": "minecraft:barrier"
      },
      "title": "Dragonslayer",
      "description": "Rid the world of dragons forever",
      "frame": "challenge",
      "show_toast": true,
      "announce_to_chat": true,
      "hidden": true
    },
    "parent": "dke:tasks/kill_immortal",
    "criteria": {
      "requirement": {
        "trigger": "minecraft:player_killed_entity",
        "conditions": {
          "entity": [
            {
              "condition": "minecraft:entity_scores",
              "entity": "this",
              "scores": {
                "dke.edk": 20
              }
            },
            {
              "condition": "minecraft:entity_properties",
              "entity": "this",
              "predicate": {
                "type": "minecraft:ender_dragon"
              }
            }
          ]
        }
      }
    }
  }
  