{
    "display": {
      "icon": {
        "item": "minecraft:blaze_powder"
      },
      "title": "When The End Boils Over",
      "description": "Kill a Blazing Dragon",
      "frame": "task",
      "show_toast": true,
      "announce_to_chat": true,
      "hidden": false
    },
    "parent": "dke:tasks/kill_skeletal",
    "criteria": {
      "requirement": {
        "trigger": "minecraft:player_killed_entity",
        "conditions": {
          "entity": [
            {
              "condition": "minecraft:entity_scores",
              "entity": "this",
              "scores": {
                "dke.type": 6
              }
            },
            {
              "condition": "minecraft:entity_properties",
              "entity": "this",
              "predicate": {
                "type": "minecraft:ender_dragon"
              }
            }
          ]
        }
      }
    }
  }
  