{
  "type": "minecraft:command",
  "pools": [
    {
      "rolls": 1,
      "entries": [
        {
          "type": "minecraft:item",
          "name": "minecraft:dragon_head",
          "conditions": [
            {
              "condition": "minecraft:random_chance",
              "chance": 0.15
            }
          ]
        }
      ]
    },
    {
      "rolls": {
        "min": 2,
        "max": 3
      },
      "entries": [
        {
          "type": "minecraft:item",
          "name": "minecraft:diamond"
        },
        {
          "type": "minecraft:item",
          "name": "minecraft:obsidian"
        },
        {
          "type": "minecraft:item",
          "name": "minecraft:phantom_membrane"
        },
        {
          "type": "minecraft:item",
          "name": "minecraft:amethyst_shard"
        },
        {
          "type": "minecraft:item",
          "name": "minecraft:gold_ingot",
          "functions": [
            {
              "function": "minecraft:set_count",
              "count": {
                "min": 4,
                "max": 8
              }
            }
          ]
        },
        {
          "type": "minecraft:item",
          "name": "minecraft:end_crystal",
          "conditions": [
            {
              "condition": "minecraft:random_chance",
              "chance": 0.15
            }
          ]
        }
      ],
      "functions": [
        {
          "function": "minecraft:set_count",
          "count": {
            "min": 1,
            "max": 3
          },
          "add": true,
          "conditions": [
            {
              "condition": "minecraft:entity_scores",
              "entity": "this",
              "scores": {
                "dke.difficulty": 1
              }
            }
          ]
        },
        {
          "function": "minecraft:set_count",
          "count": {
            "min": 2,
            "max": 6
          },
          "add": true,
          "conditions": [
            {
              "condition": "minecraft:entity_scores",
              "entity": "this",
              "scores": {
                "dke.difficulty": 2
              }
            }
          ]
        },
        {
          "function": "minecraft:set_count",
          "count": {
            "min": 4,
            "max": 9
          },
          "add": true,
          "conditions": [
            {
              "condition": "minecraft:entity_scores",
              "entity": "this",
              "scores": {
                "dke.difficulty": 3
              }
            }
          ]
        },
        {
          "function": "minecraft:set_count",
          "count": {
            "min": 6,
            "max": 14
          },
          "add": true,
          "conditions": [
            {
              "condition": "minecraft:entity_scores",
              "entity": "this",
              "scores": {
                "dke.difficulty": 4
              }
            }
          ]
        }
      ]
    }
  ]
}