{
    "display": {
      "icon": {
        "item": "minecraft:dragon_head"
      },
      "title": "Dragonkind Evolved",
      "description": [
        {
          "text": "Advancements related to Dragonkind Evolved",
          "color": "white"
        },
        {
          "text": "\\nby kanokarob",
          "color": "green",
          "italic": true
        }
      ],
      "background": "minecraft:textures/block/dragon_egg.png",
      "frame": "task",
      "show_toast": false,
      "announce_to_chat": false,
      "hidden": false
    },
    "criteria": {
      "requirement": {
        "trigger": "minecraft:impossible"
      }
    }
  }
  